,subreddit
0,Aberystwyth
1,AcadiaU
2,Algonquin_College
3,amarillocollege
4,AmericanU
5,amherstcollege
6,AndersonUniversity
7,appstate
8,aquinas
9,ASU
10,ArkansasState
11,auburn
12,australiancatholicuni
13,Anu
14,apu
15,Babson
16,BallState
17,Baruch
18,baylor
19,berea
20,Berklee
21,BinghamtonUniversity
22,Biola
23,bsu
24,theBAC
25,bostoncollege
26,BostonU
27,BournemouthUni
28,Bowdoin
29,BGSU
30,bradleyuniversity
31,brandeis
32,byu
33,BCIT
34,brocku
35,Broward
36,BrownU
37,brunel
38,bucknell
39,butleruniversity
40,CCA
41,Caltech
42,calarts
43,CalPoly
44,CalPolyPomona
45,csuci
46,CSUC
47,CSUDH
48,CSUEB
49,csuf
50,CSULB
51,CSULA
52,csumb
53,csun
54,CSUS
55,CSUSB
56,csusm
57,fresnostate
58,calupa
59,CCCU
60,CapU
61,CarletonCollege
62,CarletonU
63,cmu
64,cwru
65,centralmich
66,chalmers
67,chapmanuniversity
68,CNU
69,CCNY
70,cityuniversitylondon
71,CUNY
72,claremontcolleges
73,ClarkU
74,Clemson
75,CCU
76,Colby
77,Colgate
78,CofC
79,Wooster
80,HolyCross
81,ColoradoSchoolOfMines
82,CSUFoCo
83,colum
84,columbia
85,Concordia
86,Conestoga
87,conncoll
88,Cornell
89,CovUni
90,curtin
91,Dalhousie
92,dartmouth
93,davidson
94,DePauw
95,devry
96,deakin
97,Denison
98,depaul
99,DVC
100,digipen
101,Drexel
102,duke
103,durhamcollege
104,Durhamu
105,EarlhamCollege
106,ECU
107,ETSU
108,ECSU
109,emu
110,ewu
111,eastmanschool
112,erau
113,EmersonCollege
114,Emory
115,fairfieldU
116,fanshawe
117,flaglercollege
118,FAU
119,fgcu
120,floridatech
121,FIU
122,fsu
123,FLC
124,Fontbonne
125,Fordham
126,fandm
127,fullsail
128,Furman
129,gmu
130,gwu
131,georgetown
132,gcsu
133,gatech
134,GSU
135,GaState
136,goldsmiths
137,Gonzaga
138,GVSU
139,GMACEWAN
140,greenvillecollege
141,GriffithUni
142,Grinnell
143,grossmont
144,gcsc
145,gustavus
146,hamiltoncollege
147,HampshireCollege
148,HarfordCC
149,Harvard
150,harveymudd
151,HendersonState
152,heriotwatt
153,hillsdale
154,houstoncc
155,Humber
156,humboldtstate
157,HunterCollege
158,IIT
159,ilstu
160,IllinoisWesleyan
161,Imperial
162,indstate
163,IndianaUniversity
164,IUP
165,IST
166,iastate
167,IthacaCollege
168,JSU
169,jamescook
170,jmu
171,jcu
172,jhu
173,JuniataCollege
174,kth
175,KState
176,KSU
177,KentStateUniversity
178,Kettering
179,KCL
180,kingstonu
181,kutztown
182,lakeheadu
183,langara
184,lawrenceu
185,leedsbeckett
186,Lehigh
187,LibertyUniversity
188,linkopinguniversity
189,TheLse
190,Longwood
191,lufbra
192,LSU
193,LouisianaTech
194,LMU
195,Decorah
196,LyonCollege
197,grantmacewan
198,Macon_State
199,MacUni
200,MMU
201,ManhattanCollege
202,marist
203,marlborocollege
204,Marquette
205,MarshallUniversity
206,mit
207,MayfieldCollege
208,mcgill
209,McKendree_University
210,McMaster
211,memorialuniversity
212,MSCD
213,miamioh
214,msu
215,MTU
216,MTSU
217,matc
218,MSOE
219,Msstate
220,missouristate
221,Rolla
222,mohawkcollege
223,MSUcats
224,mpc
225,MRU
226,MountainState
227,MtSanJacintoCollege
228,murdoch
229,Murray
230,nus
231,Neumont
232,NJTech
233,nmt
234,nmsu
235,nyu
236,niagaracollege
237,NSU
238,NCSU
239,NDSU
240,NEU
241,NAIT
242,NAU
243,NIU
244,NKU
245,Northwestern
246,ntnu
247,oaklanduniversity
248,oberlin
249,Oxy
250,OSU
251,ohiouniversity
252,OCU
253,OKState
254,ODU
255,olin
256,OpenUniversity
257,OCC
258,OregonStateUniv
259,Otterbein
260,OxfordBrookes
261,pace
262,PLU
263,ParklandCollege
264,PennStateUniversity
265,gopct
266,Pepperdine
267,PolkStateCollege
268,PolyMTL
269,pomonacollege
270,PUC
271,portlandstate
272,princeton
273,ProvidenceCollege
274,Purdue
275,QMULandBarts
276,queensuniversity
277,QueensBelfast
278,QUTreddit
279,Quinnipiac
280,rmit
281,radforduniversity
282,reedcollege
283,RPI
284,riceuniversity
285,RichardStockton
286,RCC
287,rit
288,Roosevelt
289,rosehulman
290,RowanUniversity
291,RHUL
292,rutgers
293,ryerson
294,SVSU
295,stedwards
296,stfx
297,THWND
298,billikens
299,SMUHalifax
300,stolaf
301,SLCC
302,SHSU
303,SDSU
304,SFSU
305,SJSU
306,SCU
307,scad
308,SOAS
309,sva
310,scrippscollege
311,seattleu
312,Seneca
313,SHU
314,sheffieldhallam
315,sheridan
316,ship
317,siena
318,SierraCollege
319,simonfraser
320,SSU
321,SDSMT
322,semo
323,SAIT
324,SIU
325,SIUE
326,SMU
327,SPSU
328,stjohnscollege
329,Spc
330,stanford
331,Oswego
332,Potsdam
333,SFA
334,stevens
335,SBU
336,swanseauni
337,swinburne
338,ethz
339,SyracuseU
340,tarleton
341,TaylorUniversity
342,tuberlin
343,tud
344,teccr
345,TeessideUniversity
346,Temple
347,tsu
348,aggies
349,TCU
350,txstate
351,TexasTech
352,TCNJ
353,williamandmary
354,evergreen
355,tesu
356,Touro
357,Towson
358,TrentUniversity
359,TCD
360,trinityu
361,TroyU
362,Tufts
363,Tulane
364,usna
365,ucrcr
366,USAC
367,UCL
368,ualbany
369,UBreddit
370,UniAdelaide
371,uakron
372,capstone
373,UAB
374,UAH
375,uAlberta
376,UofArizona
377,UniversityofArkansas
378,universityofauckland
379,UBALTIMORE
380,BathUni
381,UofB
382,UOB
383,UBC
384,ubco
385,UCalgary
386,berkeley
387,UCDavis
388,UCI
389,ucla
390,ucmerced
391,ucr
392,UCSD
393,UCSantaBarbara
394,UCSC
395,cambridge_uni
396,UCT
397,UCA
398,ucf
399,UCO
400,uchicago
401,uCinci
402,cudenver
403,cuboulder
404,UCCS
405,UCONN
406,uofdayton
407,udel
408,denveru
409,UEA
410,Edinburgh_University
411,essexuni
412,Exe
413,ufl
414,UGA
415,GlasgowUni
416,uoguelph
417,guelphhumber
418,uhart
419,UniversityofHawaii
420,UniOfHertfordshire
421,UniversityOfHouston
422,uhd
423,uofi
424,uichicago
425,UIUC
426,uiowa
427,UniversityofKansas
428,KentUni
429,UniversityofKentucky
430,lancasteruni
431,LeedsUni
432,UoL
433,universityoflimerick
434,LincolnUni
435,ragincajuns
436,AllHail
437,umaine
438,manchester_uni
439,umanitoba
440,UMW
441,UMD
442,UMBC
443,umass
444,umassd
445,uml
446,unimelb
447,UofMemphis
448,UMiami
449,uofm
450,uofmn
451,UofMnDuluth
452,olemiss
453,mizzou
454,UMKC
455,UMT
456,Montevallo
457,UNLincoln
458,UNLV
459,unr
460,unh
461,unm
462,unsw
463,UoNau
464,tarheels
465,UNCCharlotte
466,UNCG
467,UNCW
468,und
469,UNF
470,unt
471,UNBC
472,UNI
473,notredame
474,UoN
475,sooners
476,uoit
477,geegees
478,oxforduni
479,UPenn
480,unipi
481,Pitt
482,UQreddit
483,universityofredlands
484,University_Of_Regina
485,URochester
486,roehamptonuni
487,standrews
488,USD
489,usfca
490,usask
491,universityofscranton
492,uos
493,Gamecocks
494,USF
495,USC
496,USI
497,stthomas
498,strathclyde
499,universityofsussex
500,usyd
501,UTS
502,UTK
503,UTAustin
504,utdallas
505,UTEP
506,UTPA
507,UTSA
508,UTT
509,UniversityOfToledo
510,UofT
511,utulsa
512,uofu
513,UniversityofVermont
514,uvic
515,UVA
516,UniversityOfWarwick
517,udub
518,uwb
519,uwaterloo
520,UWG
521,uwa
522,uwo
523,WestminsterUni
524,UWindsor
525,UWEauClaire
526,uwgb
527,UWMadison
528,UWMilwaukee
529,UWOshkosh
530,UWWhitewater
531,UOW
532,uwyo
533,universityofyork
534,UFV
535,UoP
536,peyups
537,uwe
538,UdeM
539,usherbrooke
540,UQAM
541,UVU
542,VIU
543,Vanderbilt
544,vassar
545,vcccd
546,villanova
547,vcu
548,VirginiaTech
549,vub
550,wfu
551,WakeTech
552,wsu
553,washu
554,waynestate
555,WellesleyCollege
556,WIT
557,Wesleyan
558,wcupa
559,westliberty
560,wtamu
561,WVU
562,WCU
563,Wcsu
564,WGU
565,WKU
566,WMU
567,WWU
568,WestminsterCollege
569,Westmont
570,Wheaton
571,Widener
572,wlu
573,WoodsWay
574,WilliamsCollege
575,WPI
576,wrightstate
577,yale
578,yorku
579,etsmtl
